<?xml version="1.0" encoding="UTF-8"?>
<project-private xmlns="http://www.netbeans.org/ns/project-private/1">
    <editor-bookmarks xmlns="http://www.netbeans.org/ns/editor-bookmarks/2" lastBookmarkId="0"/>
    <open-files xmlns="http://www.netbeans.org/ns/projectui-open-files/2">
        <group>
            <file>file:/C:/Users/USUARIO/Desktop/Programacion/Netbeans/Proyecto%20POO/src/Clases/Clinica.java</file>
            <file>file:/C:/Users/USUARIO/Desktop/Programacion/Netbeans/Proyecto%20POO/src/Clases/Administrador.java</file>
            <file>file:/C:/Users/USUARIO/Desktop/Programacion/Netbeans/Proyecto%20POO/src/Clases/Cajero.java</file>
            <file>file:/C:/Users/USUARIO/Desktop/Programacion/Netbeans/Proyecto%20POO/src/Clases/Cita.java</file>
        </group>
    </open-files>
</project-private>
